{
    "MenuUIs": {
        "backButtonPos": {
            "x": 0.0,
            "y": -30.899999618530273
        },
        "bgColor": {
            "w": 0.0,
            "x": 0.11932500451803207,
            "y": 0.057090308517217636,
            "z": 0.13488370180130005
        },
        "centerPos": {
            "x": 640.0,
            "y": 346.1000061035156
        },
        "interval": 0.0
    }
}
