{
    "GetGhostCountUIParam": {
        "barPos": {
            "x": 640.0,
            "y": 360.0
        },
        "nowPos": {
            "x": 1004.2000122070313,
            "y": 170.39999389648438
        },
        "numberColor": {
            "w": 1.0,
            "x": 0.03863709047436714,
            "y": 0.06542293727397919,
            "z": 0.21860462427139282
        },
        "numberSize": {
            "x": 64.0,
            "y": 64.0
        },
        "targetPos": {
            "x": 1133.0999755859375,
            "y": 179.0
        }
    }
}
