{
    "GetGhostCountUIParam": {
        "barPos": {
            "x": 1130.4000244140625,
            "y": 207.89999389648438
        },
        "ghostCountTextPos": {
            "x": 1133.0999755859375,
            "y": 90.0
        },
        "nowPos": {
            "x": 1004.2000122070313,
            "y": 170.39999389648438
        },
        "numberColor": {
            "w": 1.0,
            "x": 1.0,
            "y": 1.0,
            "z": 1.0
        },
        "numberSize": {
            "x": 64.0,
            "y": 64.0
        },
        "targetPos": {
            "x": 1133.0999755859375,
            "y": 179.0
        }
    }
}
