{
    "TutorialUIs": {
        "buttonA_pos": {
            "x": 789.2999877929688,
            "y": 617.0999755859375
        },
        "ghostBlock_pos": {
            "x": 200.0,
            "y": 503.0
        },
        "ghostBlock_scale": 0.15000000596046448,
        "reset_R_pos": {
            "x": 1030.0,
            "y": 680.0
        },
        "reset_X_pos": {
            "x": 1030.0,
            "y": 680.0
        },
        "spaceKey_pos": {
            "x": 759.0999755859375,
            "y": 614.0
        }
    }
}
