{
    "TutorialUIs": {
        "buttonA_pos": {
            "x": 789.2999877929688,
            "y": 617.0999755859375
        },
        "spaceKey_pos": {
            "x": 759.0999755859375,
            "y": 614.0
        }
    }
}
