{
    "LightFlash": {
        "curveSize": 8,
        "flashDuration": 3.0,
        "time0": 0.0,
        "time1": 0.422535240650177,
        "time2": 0.591549277305603,
        "time3": 0.7746478915214539,
        "time4": 0.98591548204422,
        "time5": 1.563380241394043,
        "time6": 2.366197109222412,
        "time7": 2.5211267471313477,
        "value0": 1.0,
        "value1": 1.0,
        "value2": 0.0,
        "value3": 1.0,
        "value4": 0.0,
        "value5": 1.0,
        "value6": 1.0,
        "value7": 0.0
    }
}
