{
    "UvScrollAnimationItems": {
        "effect1Duration": 23.959999084472656,
        "effect2Duration": 25.260000228881836
    }
}
