{
    "AnimationItems": {
        "appearDuration": 0.30000001192092896,
        "appearEaseType": 0,
        "disappearDuration": 0.7000000476837158,
        "disappearEaseType": 0
    }
}
