{
    "ThunderFlash": {
        "curveSize": 67,
        "flashDuration": 60.0,
        "time0": 1.8808778524398804,
        "time1": 2.275158166885376,
        "time10": 12.221463203430176,
        "time11": 12.672591209411621,
        "time12": 14.025973320007324,
        "time13": 14.678645133972168,
        "time14": 16.751901626586914,
        "time15": 17.254175186157227,
        "time16": 17.884971618652344,
        "time17": 19.740259170532227,
        "time18": 20.22263526916504,
        "time19": 21.484230041503906,
        "time2": 3.2399179935455322,
        "time20": 22.077922821044922,
        "time21": 22.523189544677734,
        "time22": 24.489797592163086,
        "time23": 24.712430953979492,
        "time24": 26.86456298828125,
        "time25": 27.346939086914063,
        "time26": 27.866418838500977,
        "time27": 28.868274688720703,
        "time28": 29.128015518188477,
        "time29": 29.64749526977539,
        "time3": 4.75734806060791,
        "time30": 31.2430419921875,
        "time31": 31.651206970214844,
        "time32": 32.504638671875,
        "time33": 33.803340911865234,
        "time34": 34.21150588989258,
        "time35": 34.693878173828125,
        "time36": 35.06493377685547,
        "time37": 36.029685974121094,
        "time38": 36.512062072753906,
        "time39": 37.993919372558594,
        "time4": 5.1920270919799805,
        "time40": 38.35866165161133,
        "time41": 39.20972442626953,
        "time42": 39.665653228759766,
        "time43": 40.72948455810547,
        "time44": 41.0638313293457,
        "time45": 41.793312072753906,
        "time46": 43.58662414550781,
        "time47": 43.86018371582031,
        "time48": 44.49848175048828,
        "time49": 45.86626052856445,
        "time5": 5.775400638580322,
        "time50": 46.29179382324219,
        "time51": 47.17325210571289,
        "time52": 47.507598876953125,
        "time53": 48.38905715942383,
        "time54": 48.9969596862793,
        "time55": 50.273555755615234,
        "time56": 50.60790252685547,
        "time57": 51.793312072753906,
        "time58": 52.73556137084961,
        "time59": 53.069908142089844,
        "time6": 6.1545939445495605,
        "time60": 53.73860168457031,
        "time61": 54.10334396362305,
        "time62": 55.16717529296875,
        "time63": 55.89665603637695,
        "time64": 57.81155014038086,
        "time65": 58.145896911621094,
        "time66": 59.1185417175293,
        "time7": 8.079289436340332,
        "time8": 10.745044708251953,
        "time9": 11.27819538116455,
        "value0": 0.0,
        "value1": 0.5,
        "value10": 0.20999999344348907,
        "value11": 0.5600000023841858,
        "value12": 0.12999999523162842,
        "value13": 0.0,
        "value14": 0.0,
        "value15": 0.5600000023841858,
        "value16": 0.0,
        "value17": 0.0,
        "value18": 0.4300000071525574,
        "value19": 0.0,
        "value2": 0.0,
        "value20": 0.30000001192092896,
        "value21": 0.44999998807907104,
        "value22": 0.30000001192092896,
        "value23": 0.0,
        "value24": 0.0,
        "value25": 0.30000001192092896,
        "value26": 0.0,
        "value27": 0.0,
        "value28": 0.20000000298023224,
        "value29": 0.0,
        "value3": 0.0,
        "value30": 0.0,
        "value31": 0.6000000238418579,
        "value32": 0.0,
        "value33": 0.0,
        "value34": 0.800000011920929,
        "value35": 0.30000001192092896,
        "value36": 0.6000000238418579,
        "value37": 0.30000001192092896,
        "value38": 0.0,
        "value39": 0.0,
        "value4": 0.20000000298023224,
        "value40": 0.30000001192092896,
        "value41": 0.20999999344348907,
        "value42": 0.6700000166893005,
        "value43": 0.25,
        "value44": 0.8299999833106995,
        "value45": 0.0,
        "value46": 0.0,
        "value47": 0.30000001192092896,
        "value48": 0.0,
        "value49": 0.0,
        "value5": 0.0,
        "value50": 0.6000000238418579,
        "value51": 0.20000000298023224,
        "value52": 0.41999998688697815,
        "value53": 0.20000000298023224,
        "value54": 0.0,
        "value55": 0.0,
        "value56": 0.5,
        "value57": 0.0,
        "value58": 0.0,
        "value59": 0.30000001192092896,
        "value6": 0.47999998927116394,
        "value60": 0.1599999964237213,
        "value61": 0.6499999761581421,
        "value62": 0.20999999344348907,
        "value63": 0.0,
        "value64": 0.0,
        "value65": 0.3199999928474426,
        "value66": 0.0,
        "value7": 0.0,
        "value8": 0.0,
        "value9": 0.4000000059604645
    }
}
