{
    "TitlePostEffectMaxParam": {
        "bloomIntensity": 8.0,
        "bloomTexelSize": 2.0,
        "bloomThreshold": 0.18000000715255737,
        "vignettePower": 0.05999999865889549,
        "vignetteScale": 10.779999732971191
    }
}
