{
    "TitlePostEffectMaxParam": {
        "bloomIntensity": 1.559999942779541,
        "bloomTexelSize": 2.0,
        "bloomThreshold": 0.05000000074505806,
        "vignettePower": 0.20999999344348907,
        "vignetteScale": 60.5
    }
}
