{
    "TitlePostEffectMinParam": {
        "bloomIntensity": 0.23000000417232513,
        "bloomTexelSize": 0.0,
        "bloomThreshold": 0.07000000029802322,
        "vignettePower": 3.069999933242798,
        "vignetteScale": 29.290000915527344
    }
}
