{
    "TitlePostEffectMaxParam": {
        "bloomIntensity": 1.559999942779541,
        "bloomTexelSize": 1.3200000524520874,
        "bloomThreshold": 0.019999999552965164,
        "vignettePower": 0.3700000047683716,
        "vignetteScale": 60.5
    }
}
