{
    "TitlePostEffectMinParam": {
        "bloomIntensity": 0.03999999910593033,
        "bloomTexelSize": 0.0,
        "bloomThreshold": 0.07000000029802322,
        "vignettePower": 0.3700000047683716,
        "vignetteScale": 28.399999618530273
    }
}
