{
    "HitBossExploadParticles": {
        "angleMax": 360.0,
        "angleMin": 0.0,
        "color": {
            "w": 1.0,
            "x": 0.9953488111495972,
            "y": 0.3440493941307068,
            "z": 0.05555436760187149
        },
        "count": 94,
        "damping": 0.0,
        "direction": {
            "x": 0.0,
            "y": 1.0,
            "z": 0.0
        },
        "emit": false,
        "frequency": 5.0,
        "frequencyTime": 5.0,
        "gravity": -9.960000038146973,
        "isDirectionRotate": true,
        "isLifeOfAlpha": false,
        "isLifeOfScale": true,
        "isOneShot": false,
        "lifeTime": 0.5,
        "maxScale": {
            "x": 2.6700000762939453,
            "y": 0.44999998807907104,
            "z": 1.0
        },
        "minScale": {
            "x": 1.1699999570846558,
            "y": 0.23999999463558197,
            "z": 1.0
        },
        "rotate": {
            "w": 1.0,
            "x": 0.0,
            "y": 0.0,
            "z": 0.0
        },
        "rotateAngle": 0.0,
        "shape": 0,
        "speed": 14.739999771118164,
        "translate": {
            "x": 1.1335315704345703,
            "y": 0.408649206161499,
            "z": 22.499408721923828
        },
        "useTexture": "circle2.png"
    }
}
