{
    "JetBornParticle": {
        "angleMax": 360.0,
        "angleMin": 0.0,
        "color": {
            "w": 1.0,
            "x": 0.9767441749572754,
            "y": 0.1558353453874588,
            "z": 0.022714991122484207
        },
        "damping": 0.0,
        "direction": {
            "x": 0.0,
            "y": -1.0,
            "z": 0.0
        },
        "duration": 5.0,
        "gravity": -10.0,
        "isDirectionRotate": false,
        "isLifeOfAlpha": true,
        "isLifeOfScale": false,
        "isLoop": true,
        "isParticleAddBlend": true,
        "isScaleUp": true,
        "lifeTime": 0.6899999976158142,
        "maxScale": {
            "x": 0.7300000190734863,
            "y": 0.7900000214576721,
            "z": 1.0
        },
        "minScale": {
            "x": 0.20000000298023224,
            "y": 0.20000000298023224,
            "z": 0.7099999785423279
        },
        "rateOverTimeCout": 115,
        "rotate": {
            "w": 1.0,
            "x": 0.0,
            "y": 0.0,
            "z": 0.0
        },
        "rotateAngle": 0.0,
        "scaleUpScale": {
            "x": 1.0,
            "y": 1.0,
            "z": 0.0
        },
        "shape": 0,
        "speed": 0.6399999856948853,
        "translate": {
            "x": 0.0,
            "y": -0.20000000298023224,
            "z": 0.0
        },
        "useTexture": "circle2 (2).png"
    }
}
