{
    "JetEnergyParticles": {
        "angleMax": 360.0,
        "angleMin": 0.0,
        "color": {
            "w": 1.0,
            "x": 0.9860464930534363,
            "y": 0.045862648636102676,
            "z": 0.045862648636102676
        },
        "damping": 0.41999998688697815,
        "direction": {
            "x": 0.0,
            "y": -1.0,
            "z": 0.0
        },
        "duration": 5.0,
        "gravity": -27.889999389648438,
        "isDirectionRotate": false,
        "isLifeOfAlpha": true,
        "isLifeOfScale": true,
        "isLoop": true,
        "isParticleAddBlend": true,
        "isScaleUp": false,
        "lifeTime": 0.8600000143051147,
        "maxScale": {
            "x": 5.300000190734863,
            "y": 3.109999895095825,
            "z": 1.0
        },
        "minScale": {
            "x": 1.5399999618530273,
            "y": 1.5099999904632568,
            "z": 1.0
        },
        "rateOverTimeCout": 10,
        "rotate": {
            "w": 1.0,
            "x": 0.0,
            "y": 0.0,
            "z": 0.0
        },
        "rotateAngle": 0.0,
        "scaleUpScale": {
            "x": 0.0,
            "y": 0.0,
            "z": 0.0
        },
        "shape": 0,
        "speed": 2.740000009536743,
        "translate": {
            "x": 0.0,
            "y": 0.0,
            "z": 0.0
        },
        "useTexture": "circle.png"
    }
}
