{
    "MachineGunHit2": {
        "angleMax": 360.0,
        "angleMin": 0.0,
        "color": {
            "w": 1.0,
            "x": 1.0,
            "y": 0.3641536235809326,
            "z": 0.18139535188674927
        },
        "damping": 0.0,
        "direction": {
            "x": 0.0,
            "y": 1.0,
            "z": 0.0
        },
        "duration": 5.0,
        "gravity": -31.209999084472656,
        "isDirectionRotate": false,
        "isLifeOfAlpha": false,
        "isLifeOfScale": true,
        "isLoop": false,
        "isParticleAddBlend": true,
        "isScaleUp": false,
        "lifeTime": 0.6399999856948853,
        "maxScale": {
            "x": 3.180000066757202,
            "y": 3.0899999141693115,
            "z": 1.0
        },
        "minScale": {
            "x": 0.7400000095367432,
            "y": 0.7099999785423279,
            "z": 1.0
        },
        "rateOverTimeCout": 64,
        "rotate": {
            "w": 1.0,
            "x": 0.0,
            "y": 0.0,
            "z": 0.0
        },
        "rotateAngle": 0.0,
        "scaleUpScale": {
            "x": 0.0,
            "y": 0.0,
            "z": 0.0
        },
        "shape": 0,
        "speed": 9.65999984741211,
        "translate": {
            "x": 4.5164995193481445,
            "y": 5.219481468200684,
            "z": 25.747676849365234
        },
        "useTexture": "circle.png"
    }
}
