{
    "MissileBurnSmoke": {
        "angleMax": 360.0,
        "angleMin": 0.0,
        "color": {
            "w": 1.0,
            "x": 0.05581396818161011,
            "y": 0.05581396818161011,
            "z": 0.05581396818161011
        },
        "damping": 0.0,
        "direction": {
            "x": 0.0,
            "y": 1.0,
            "z": 0.0
        },
        "emit": true,
        "gravity": 0.0,
        "isDirectionRotate": false,
        "isLifeOfAlpha": true,
        "isLifeOfScale": false,
        "isOneShot": false,
        "isParticleAddBlend": false,
        "isScaleUp": false,
        "lifeTime": 0.5,
        "maxScale": {
            "x": 4.920000076293945,
            "y": 4.369999885559082,
            "z": 1.0
        },
        "minScale": {
            "x": 0.8799999952316284,
            "y": 0.9100000262260437,
            "z": 1.0
        },
        "rateOverTimeCout": 50,
        "rotate": {
            "w": 1.0,
            "x": 0.0,
            "y": 0.0,
            "z": 0.0
        },
        "rotateAngle": 0.0,
        "scaleUpScale": {
            "x": 0.0,
            "y": 0.0,
            "z": 0.0
        },
        "shape": 0,
        "speed": 0.1899999976158142,
        "translate": {
            "x": 0.0,
            "y": 0.0,
            "z": 0.0
        },
        "useTexture": "circle.png"
    }
}
