{
    "GotRay": {
        "angle": 0.01745329238474369,
        "color": {
            "w": 0.0,
            "x": 1.0,
            "y": 1.0,
            "z": 1.0
        },
        "cutoff": 0.03999999910593033,
        "edgeFade": 0.8299999833106995,
        "isEnable": true,
        "pos": {
            "x": 0.0,
            "y": 0.0
        },
        "ray1Density": 0.9900000095367432,
        "ray2Density": 1.0,
        "ray3Density": 1.0,
        "seed": 0.44999998807907104,
        "speed": 3.259999990463257,
        "spread": 0.0,
        "time": 0.0
    }
}
