{
    "GotRay": {
        "angle": 0.19198623299598694,
        "color": {
            "w": 0.0,
            "x": 1.0,
            "y": 1.0,
            "z": 1.0
        },
        "cutoff": 0.20999999344348907,
        "edgeFade": 1.0,
        "isEnable": true,
        "pos": {
            "x": 0.0,
            "y": 0.0
        },
        "ray1Density": 1.0,
        "ray2Density": 0.0,
        "ray3Density": 1.0,
        "seed": 0.20000000298023224,
        "speed": 2.359999895095825,
        "spread": 1.850000023841858,
        "time": 1.5800000429153442
    }
}
