{
    "Vignette": {
        "color": {
            "w": 1.0,
            "x": 0.025959983468055725,
            "y": 0.025959990918636322,
            "z": 0.05581396818161011
        },
        "isEnable": true,
        "power": 1.6399999856948853,
        "scale": 31.100000381469727
    }
}
