{
    "Vignette": {
        "color": {
            "w": 1.0,
            "x": 0.13953489065170288,
            "y": 0.09280693531036377,
            "z": 0.13453608751296997
        },
        "isEnable": true,
        "power": 0.800000011920929,
        "scale": 16.0
    }
}
