{
    "LightFlash": {
        "curveSize": 8,
        "flashDuration": 2.5999999046325684,
        "time0": 0.1704917848110199,
        "time1": 0.2397540956735611,
        "time2": 0.5548117160797119,
        "time3": 0.6200836896896362,
        "time4": 0.6962342858314514,
        "time5": 0.8920501470565796,
        "time6": 1.6463038921356201,
        "time7": 1.72245454788208,
        "value0": 0.0,
        "value1": 0.5,
        "value2": 0.7799999713897705,
        "value3": 0.0,
        "value4": 0.6000000238418579,
        "value5": 0.0,
        "value6": 0.0,
        "value7": 1.0
    }
}
