{
    "LightFlash": {
        "curveSize": 17,
        "flashDuration": 4.0,
        "time0": 0.26229506731033325,
        "time1": 0.3688524663448334,
        "time10": 2.2704918384552,
        "time11": 2.4590163230895996,
        "time12": 2.5573770999908447,
        "time13": 2.7377049922943115,
        "time14": 2.827868938446045,
        "time15": 3.204918146133423,
        "time16": 3.3114755153656006,
        "time2": 0.7459016442298889,
        "time3": 0.8360655903816223,
        "time4": 1.1803278923034668,
        "time5": 1.311475396156311,
        "time6": 1.5983606576919556,
        "time7": 1.7131147384643555,
        "time8": 1.8442622423171997,
        "time9": 2.1557376384735107,
        "value0": 0.0,
        "value1": 1.0,
        "value10": 0.0,
        "value11": 0.0,
        "value12": 0.0,
        "value13": 1.0,
        "value14": 0.0,
        "value15": 0.0,
        "value16": 1.0,
        "value2": 1.0,
        "value3": 0.0,
        "value4": 0.0,
        "value5": 1.0,
        "value6": 1.0,
        "value7": 0.0,
        "value8": 1.0,
        "value9": 1.0
    }
}
