{
    "StageResetUIParam": {
        "backColor": {
            "x": 0.4883720874786377,
            "y": 0.3567160367965698,
            "z": 0.33163872361183167
        },
        "backTexturePos": {
            "x": 1000.0,
            "y": 522.0
        },
        "def_size": 60.0,
        "resetButtonPos": {
            "x": 1000.0,
            "y": 500.0
        },
        "resetTime": 1.0
    }
}
