{
    "LimitBlock": {
        "baseTexture": "limitBlock.png",
        "color": {
            "w": 1.0,
            "x": 1.0,
            "y": 1.0,
            "z": 1.0
        },
        "dissolveColor": {
            "w": 1.0,
            "x": 0.11419811099767685,
            "y": 0.10288803279399872,
            "z": 0.13488370180130005
        },
        "dissolveTexture": "white.png",
        "edgeColor": {
            "w": 1.0,
            "x": 0.0,
            "y": 0.0,
            "z": 0.0
        },
        "threshold": -0.8500000238418579
    }
}
