{
    "LimitBlock": {
        "baseTexture": "smoke2.png",
        "color": {
            "w": 1.0,
            "x": 1.0,
            "y": 1.0,
            "z": 1.0
        },
        "dissolveColor": {
            "w": 1.0,
            "x": 0.5378260016441345,
            "y": 0.0883721113204956,
            "z": 1.0
        },
        "dissolveTexture": "FireNoize.png",
        "edgeColor": {
            "w": 1.0,
            "x": 0.06976741552352905,
            "y": 0.06976741552352905,
            "z": 0.06976741552352905
        },
        "threshold": 0.550000011920929
    }
}
