{
    "LimitBlock": {
        "baseTexture": "limitBlock.png",
        "color": {
            "w": 0.9578349590301514,
            "x": 1.0,
            "y": 1.0,
            "z": 1.0
        },
        "dissolveColor": {
            "w": 1.0,
            "x": 0.17658738791942596,
            "y": 0.14303946495056152,
            "z": 0.17674416303634644
        },
        "dissolveTexture": "white.png",
        "edgeColor": {
            "w": 1.0,
            "x": 0.0,
            "y": 0.0,
            "z": 0.0
        },
        "threshold": -0.27000001072883606
    }
}
