{
    "Vignette": {
        "color": {
            "w": 1.0,
            "x": 0.007874525152146816,
            "y": 0.015701953321695328,
            "z": 0.060465097427368164
        },
        "isEnable": true,
        "power": 0.11999999731779099,
        "scale": 10.5
    }
}
