{
    "GaussianBlurHeight": {
        "texelSize": {
            "x": 7.812499825377017e-05,
            "y": 0.00013888889225199819
        }
    }
}
