{
    "GotRay": {
        "angle": -0.01745329238474369,
        "color": {
            "w": 0.0,
            "x": 1.0,
            "y": 1.0,
            "z": 1.0
        },
        "cutoff": 0.10000000149011612,
        "edgeFade": 0.8899999856948853,
        "isEnable": true,
        "pos": {
            "x": 0.0,
            "y": 0.0
        },
        "ray1Density": 0.6899999976158142,
        "ray2Density": 0.38999998569488525,
        "ray3Density": 0.5600000023841858,
        "seed": 0.4300000071525574,
        "speed": 0.38999998569488525,
        "spread": 0.0,
        "time": 0.0
    }
}
