{
    "Vignette": {
        "color": {
            "w": 1.0,
            "x": 0.025959983468055725,
            "y": 0.025959990918636322,
            "z": 0.05581396818161011
        },
        "isEnable": true,
        "power": 0.49000000953674316,
        "scale": 10.800000190734863
    }
}
