{
    "Vignette": {
        "color": {
            "w": 1.0,
            "x": 0.023499999195337296,
            "y": 0.023499999195337296,
            "z": 0.03099999949336052
        },
        "isEnable": true,
        "power": 0.23999999463558197,
        "scale": 30.899999618530273
    }
}
